{
  "project_info": {
    "project_number": "897577665548",
    "project_id": "new-test-61cee",
    "storage_bucket": "new-test-61cee.appspot.com"
  },
  "client": [
    {
      "client_info": {
        "mobilesdk_app_id": "1:897577665548:android:c6737737a4bf2041625a29",
        "android_client_info": {
          "package_name": "com.example.quiz_app"
        }
      },
      "oauth_client": [
        {
          "client_id": "897577665548-474gikbgdlm283oifrle7tgkc91e9cmb.apps.googleusercontent.com",
          "client_type": 3
        }
      ],
      "api_key": [
        {
          "current_key": "AIzaSyBrspbkT8raShRKOmh2M9cqQGG2k3btROw"
        }
      ],
      "services": {
        "appinvite_service": {
          "other_platform_oauth_client": [
            {
              "client_id": "897577665548-474gikbgdlm283oifrle7tgkc91e9cmb.apps.googleusercontent.com",
              "client_type": 3
            }
          ]
        }
      }
    }
  ],
  "configuration_version": "1"
}